direction,group,Description,ID,Count,GeneRatio,BgRatio,pvalue,p.adjust,qvalue,minus_log10_pvalue,minus_log10_p_adjust,geneID
Up,iNOA_B,collagen-containing extracellular matrix,GO:0062023,19,19/97,425/19550,2.53e-13,5.56e-11,4.26e-11,12.596879478824182,10.254925208417943,AEBP1/COL14A1/IGFBP7/OGN/LGALS1/SPARCL1/VCAN/TIMP2/FN1/SMOC1/COL15A1/ITIH5/CLEC3B/COL1A2/COL6A2/A2M/LTBP1/LAMA2/LAMC3
Up,iNOA_B,contractile fiber,GO:0043292,13,13/97,239/19550,1.85e-10,2.03e-08,1.56e-08,9.732828271596986,7.692503962086787,MYH11/ACTA2/SVIL/TPM2/NEXN/TPM1/SPTBN1/SQSTM1/DMD/CALD1/MYOZ3/PALLD/AHNAK
Up,iNOA_B,actin binding,GO:0003779,16,16/93,441/18368,6.52e-10,1.3e-07,1.06e-07,9.18575240426808,6.886056647693163,MYH11/MYLK/ITGB1/SVIL/TPM2/NEXN/TMSB4X/TPM1/SPTBN1/DMD/CALD1/MACF1/ABLIM1/MYOZ3/PALLD/TNS1
Up,iNOA_B,extracellular matrix structural constituent,GO:0005201,11,11/93,172/18368,1.1e-09,1.3e-07,1.06e-07,8.958607314841775,6.886056647693163,AEBP1/COL14A1/IGFBP7/OGN/VCAN/FN1/COL15A1/COL1A2/COL6A2/LTBP1/LAMA2
Up,iNOA_B,myofibril,GO:0030016,11,11/97,231/19550,2.01e-08,1.48e-06,1.13e-06,7.696803942579511,5.8297382846050425,SVIL/TPM2/NEXN/TPM1/SPTBN1/SQSTM1/DMD/CALD1/MYOZ3/PALLD/AHNAK
Up,iNOA_B,extracellular matrix organization,GO:0030198,11,11/92,301/18723,2.61e-07,0.000186137,0.00014895,6.583359492661719,3.7301672899608476,MYH11/AEBP1/COL14A1/ITGB1/LRP1/PDGFRA/SMOC1/COL15A1/COL1A2/CYP1B1/CRISPLD2
Up,iNOA_B,extracellular structure organization,GO:0043062,11,11/92,302/18723,2.7e-07,0.000186137,0.00014895,6.568636235841013,3.7301672899608476,MYH11/AEBP1/COL14A1/ITGB1/LRP1/PDGFRA/SMOC1/COL15A1/COL1A2/CYP1B1/CRISPLD2
Up,iNOA_B,external encapsulating structure organization,GO:0045229,11,11/92,304/18723,2.89e-07,0.000186137,0.00014895,6.539102157243452,3.7301672899608476,MYH11/AEBP1/COL14A1/ITGB1/LRP1/PDGFRA/SMOC1/COL15A1/COL1A2/CYP1B1/CRISPLD2
Up,iNOA_B,muscle tissue development,GO:0060537,12,12/92,403/18723,6.46e-07,0.000312264,0.000249879,6.189767482004916,3.5054780814199695,MYH11/MYLK/IGF2/ITGB1/SVIL/TPM1/DMD/PDGFRA/PTCH1/EGR1/MYOCD/PDGFRB
Up,iNOA_B,cell leading edge,GO:0031252,12,12/97,422/19550,1.19e-06,6.56e-05,5.02e-05,5.924453038607469,4.1830961606243395,ACTA2/MYLK/ITGB1/INSR/TPM1/SPTBN1/DPYSL3/MACF1/ABLIM1/FAT1/PALLD/LAYN
Up,iNOA_B,collagen binding,GO:0005518,6,6/93,69/18368,1.33e-06,9.09e-05,7.41e-05,5.876148359032914,4.041436116778033,AEBP1/COL14A1/ITGB1/SPARCL1/FN1/COL6A2
Up,iNOA_B,actin filament binding,GO:0051015,9,9/93,217/18368,1.55e-06,9.09e-05,7.41e-05,5.809668301829708,4.041436116778033,MYH11/SVIL/TPM2/NEXN/TPM1/SPTBN1/DMD/MACF1/ABLIM1
Up,iNOA_B,structural constituent of muscle,GO:0008307,5,5/93,42/18368,2.19e-06,0.000102922,8.39e-05,5.6595558851598815,3.9874917830862104,MYH11/TPM2/NEXN/TPM1/DMD
Up,iNOA_B,endoplasmic reticulum lumen,GO:0005788,10,10/97,313/19550,3.52e-06,0.000155005,0.000118664,5.453457336521869,3.809654292556247,COL14A1/IGFBP7/LGALS1/SPARCL1/VCAN/FN1/COL15A1/COL1A2/COL6A2/LTBP1
Up,iNOA_B,glomerulus vasculature development,GO:0072012,4,4/92,25/18723,6.38e-06,0.002428673,0.001943467,5.195179321278838,2.6146309552877707,ACTA2/PDGFRA/EGR1/PDGFRB
Up,iNOA_S,collagen-containing extracellular matrix,GO:0062023,76,76/995,425/19550,3.9e-22,2.3e-19,1.96e-19,21.4089353929735,18.638272163982407,ANGPTL1/SERPINE2/DCN/COL15A1/OGN/COL1A2/FGF10/LTBP4/COL6A2/MDK/TIMP2/LGALS1/CILP/PCOLCE/IGFBP7/FN1/MMP2/LUM/DPT/COL1A1/LAMA4/OMD/COL6A3/COL3A1/ANXA2/LAMC3/SFRP1/SPARC/S100A4/PTN/FBLN5/ANXA5/VCAN/LGALS3BP/LAMA2/ENTPD2/TIMP1/CXCL12/COL6A1/NID1/ADAMTS1/LAMB2/COL14A1/ANGPTL5/COL5A1/CCDC80/ITIH5/LAMC1/TGFB3/TIMP3/SERPINH1/SPARCL1/APOA1/EFEMP2/SMOC1/VIT/COL12A1/ADAMTS5/SERPING1/FBN1/COL4A5/CLEC3B/MFGE8/CTSC/CTSF/MGP/PLSCR1/PODN/ECM1/EMILIN1/ANGPTL4/ADAMTS3/LTBP3/HSP90B1/DLG1/AEBP1
Up,iNOA_S,ossification,GO:0001503,67,67/958,408/18723,1.58e-17,8.46e-14,6.42e-14,16.801342913045577,13.072629636960977,PENK/COL1A2/IGF1/MDK/OSR2/MMP2/COL1A1/OMD/CITED1/EGFR/JUNB/DDR2/KLF10/SFRP1/SMAD5/ANO6/SNAI2/SPARC/CHSY1/RRBP1/PTCH1/PTN/VCAN/SP3/RASSF2/COL6A1/CREB3L1/IGFBP5/BMPR2/HGF/BCAP29/CLIC1/GPNMB/SOX9/CTSK/FOXC1/RBPJ/TGFB3/PKDCC/EXT2/FBL/OSR1/WWTR1/SMOC1/THRA/ADAR/TOB2/CLEC3B/PRKACA/MRC2/NIPBL/HNRNPU/MMP14/BMPR1A/MGP/ECM1/ATF4/JUND/YAP1/SORT1/SNRNP200/CDH11/TWSG1/LTBP3/DHX9/PTPN11/DHX36
Up,iNOA_S,endoplasmic reticulum lumen,GO:0005788,54,54/995,313/19550,2.29e-15,6.75e-13,5.74e-13,14.640164517660113,12.170696227168975,PENK/COL15A1/COL1A2/COL6A2/F8/LGALS1/IGFBP7/FN1/COL1A1/COL6A3/COL3A1/CST3/FKBP7/SELENOM/ERAP2/VCAN/TIMP1/COL6A1/APP/IGFBP5/LAMB2/TXNDC16/COL14A1/COL5A1/F10/ESD/H6PD/LAMC1/RCN1/ERAP1/CKAP4/SERPINH1/SPARCL1/APOA1/GPX8/MXRA8/FUCA2/COL12A1/ADAMTS5/SERPING1/FBN1/COL4A5/CALU/MFGE8/CTSC/APLP2/SHISA5/PDIA5/CRTAP/CANX/PTPRN2/UGGT1/SELENOF/HSP90B1
Up,iNOA_S,extracellular matrix organization,GO:0030198,50,50/958,301/18723,1.38e-13,2.74e-10,2.08e-10,12.860120913598763,9.562249437179611,PDGFRA/COL15A1/COL1A2/CYP1B1/FLRT2/CRISPLD2/MMP2/LUM/DPT/COL1A1/LRP1/COL3A1/DDR2/ANXA2/CST3/ADAMTSL3/MYH11/FBLN5/APP/NID1/ADAMTS1/CREB3L1/LAMB2/COL14A1/COL5A1/CCDC80/ENG/SOX9/CTSK/FOXC1/LAMC1/SERPINH1/EFEMP2/OLFML2B/SMOC1/VIT/COL12A1/ADAMTS5/ITGB1/COL4A5/RAMP2/SH3PXD2B/MMP14/EMILIN1/CRTAP/ECM2/ADAMTS3/LTBP3/CAV1/AEBP1
Up,iNOA_S,extracellular structure organization,GO:0043062,50,50/958,302/18723,1.58e-13,2.74e-10,2.08e-10,12.801342913045577,9.562249437179611,PDGFRA/COL15A1/COL1A2/CYP1B1/FLRT2/CRISPLD2/MMP2/LUM/DPT/COL1A1/LRP1/COL3A1/DDR2/ANXA2/CST3/ADAMTSL3/MYH11/FBLN5/APP/NID1/ADAMTS1/CREB3L1/LAMB2/COL14A1/COL5A1/CCDC80/ENG/SOX9/CTSK/FOXC1/LAMC1/SERPINH1/EFEMP2/OLFML2B/SMOC1/VIT/COL12A1/ADAMTS5/ITGB1/COL4A5/RAMP2/SH3PXD2B/MMP14/EMILIN1/CRTAP/ECM2/ADAMTS3/LTBP3/CAV1/AEBP1
Up,iNOA_S,external encapsulating structure organization,GO:0045229,50,50/958,304/18723,2.05e-13,2.74e-10,2.08e-10,12.688246138944246,9.562249437179611,PDGFRA/COL15A1/COL1A2/CYP1B1/FLRT2/CRISPLD2/MMP2/LUM/DPT/COL1A1/LRP1/COL3A1/DDR2/ANXA2/CST3/ADAMTSL3/MYH11/FBLN5/APP/NID1/ADAMTS1/CREB3L1/LAMB2/COL14A1/COL5A1/CCDC80/ENG/SOX9/CTSK/FOXC1/LAMC1/SERPINH1/EFEMP2/OLFML2B/SMOC1/VIT/COL12A1/ADAMTS5/ITGB1/COL4A5/RAMP2/SH3PXD2B/MMP14/EMILIN1/CRTAP/ECM2/ADAMTS3/LTBP3/CAV1/AEBP1
Up,iNOA_S,extracellular matrix structural constituent,GO:0005201,36,36/970,172/18368,8.66e-13,7.84e-10,7.03e-10,12.062482107982653,9.105683937315561,DCN/COL15A1/OGN/COL1A2/LTBP4/COL6A2/CILP/PCOLCE/IGFBP7/FN1/LUM/DPT/COL1A1/LAMA4/COL6A3/COL3A1/SPARC/FBLN5/VCAN/LAMA2/COL6A1/NID1/LAMB2/COL14A1/COL5A1/LAMC1/EFEMP2/COL12A1/FBN1/COL4A5/MFGE8/MGP/PODN/ECM1/EMILIN1/AEBP1
Up,iNOA_S,transmembrane receptor protein serine/threonine kinase signaling pathway,GO:0007178,52,52/958,355/18723,6.84e-12,7.33e-09,5.56e-09,11.164943898279883,8.134896025358872,HSPA1A/INHBA/COL1A2/FGF10/FOS/LTBP4/SPTBN1/VIM/EGR1/CILP/SFRP4/JUN/TGFBR3/CITED1/LRP1/COL3A1/SFRP1/SMAD5/PDCD4/SPRY1/NOTCH2/SORL1/BMPR2/RBPMS/HES1/ZEB2/NBL1/ENG/ITGB8/NEO1/PEG10/RBPJ/XIAP/TGFB3/WWTR1/IL17RD/FBN1/GLG1/CREBBP/SPRED1/PPM1L/BMPR1A/FUT8/CTDSPL2/EMILIN1/TGFBR2/ZMIZ1/TWSG1/LTBP3/TMEM100/CAV1/ZNF423
Up,iNOA_S,connective tissue development,GO:0061448,41,41/958,252/18723,4.36e-11,3.89e-08,2.96e-08,10.360513510731414,7.410050398674293,MDK/PRRX1/EGR1/OSR2/LUM/COL1A1/PDGFRB/UBB/SMAD5/SELENOM/SNAI2/CHSY1/TIMP1/SORL1/NFIB/BMPR2/COL5A1/SOX9/CTSK/ITGB8/PKDCC/CD34/SERPINH1/OSR1/MAF/TRIP11/CREB3L2/ARID5B/THRA/GLG1/TRPS1/TSKU/XBP1/SH3PXD2B/BMPR1A/MGP/ECM1/TGFBR2/GHR/LTBP3/PTPN11
Up,iNOA_S,muscle tissue development,GO:0060537,54,54/958,403/18723,8.73e-11,6.68e-08,5.07e-08,10.05898575629443,7.175223537524454,DCN/PDGFRA/FOS/IGF1/EGR1/PI16/ID2/TGFBR3/NR2F2/PDGFRB/VAMP5/SVIL/SMAD5/MYH11/PTCH1/NOTCH2/RGS2/HLF/NR1D2/IGFBP5/PTEN/ENG/SOX9/FOXC1/CDC42/RBPJ/OSR1/EFEMP2/AKAP13/ITGB1/DDX17/CSRP1/YY1/HNRNPU/EEF2/DMD/AKAP6/CFL2/SGCD/BMPR1A/COPS2/ZFPM2/PRMT1/SAV1/YAP1/LY6E/SOX15/TGFBR2/HOXD9/MEF2A/CAV1/DLG1/MSC/G6PD
Up,iNOA_S,growth factor binding,GO:0019838,29,29/970,141/18368,2.23e-10,6.95e-08,6.23e-08,9.651695136951838,7.158015195409886,PDGFRA/COL1A2/LTBP4/IGFBP7/TGFBR3/COL1A1/PDGFRB/IGFBP6/COL3A1/LIFR/EGFR/NTRK2/NRP1/PTN/COL6A1/IGFBP5/BMPR2/COL5A1/ITGAV/ENG/FGFR1/TGFB3/GLG1/TSKU/SORT1/TGFBR2/TWSG1/GHR/LTBP3
Up,iNOA_S,collagen binding,GO:0005518,20,20/970,69/18368,2.3e-10,6.95e-08,6.23e-08,9.638272163982407,7.158015195409886,DCN/COL6A2/PCOLCE/FN1/LUM/DDR2/SPARC/COL6A1/NID1/COL14A1/CTSK/SERPINH1/SPARCL1/ITGB1/MUSK/MRC2/PODN/CRTAP/ECM2/AEBP1
Up,iNOA_S,membrane raft,GO:0045121,47,47/995,335/19550,2.7e-10,3.99e-08,3.38e-08,9.568636235841012,7.399027104313252,PLPP3/BST2/AHNAK/EMP2/PRNP/TUBA1A/TFPI/EGFR/ANXA2/TUBB/PTCH1/CNTN1/APP/BMPR2/MME/DLC1/EDNRB/STOM/SERPINH1/MYADM/GNAI2/CAVIN1/ANK2/ITGB1/ATP1A2/EHD2/PRKACA/EEF2/ATP2B4/DMD/AKAP6/SPRED1/BMPR1A/PTGIS/CAPN2/THY1/PLSCR1/LAMP2/CLIP3/ATP1B1/EFNB1/TGFBR2/RAP2B/HMOX1/CAV1/DLG1/PTPN11
Up,iNOA_S,membrane microdomain,GO:0098857,47,47/995,335/19550,2.7e-10,3.99e-08,3.38e-08,9.568636235841012,7.399027104313252,PLPP3/BST2/AHNAK/EMP2/PRNP/TUBA1A/TFPI/EGFR/ANXA2/TUBB/PTCH1/CNTN1/APP/BMPR2/MME/DLC1/EDNRB/STOM/SERPINH1/MYADM/GNAI2/CAVIN1/ANK2/ITGB1/ATP1A2/EHD2/PRKACA/EEF2/ATP2B4/DMD/AKAP6/SPRED1/BMPR1A/PTGIS/CAPN2/THY1/PLSCR1/LAMP2/CLIP3/ATP1B1/EFNB1/TGFBR2/RAP2B/HMOX1/CAV1/DLG1/PTPN11
Up,iNOA_S,glycosaminoglycan binding,GO:0005539,38,38/970,230/18368,3.47e-10,7.85e-08,7.04e-08,9.459670525209127,7.105130343254747,SERPINE2/DCN/FGF10/LTBP4/MDK/PCOLCE/CRISPLD2/FN1/PRNP/TGFBR3/CFH/LAYN/RSPO3/SFRP1/PPIA/NRP1/PTCH1/PTN/VCAN/APP/ADAMTS1/COL5A1/CCDC80/GPNMB/ENG/FGFR1/FGF7/EFEMP2/SMOC1/VIT/ADAMTS5/FBN1/CLEC3B/ZNF146/APLP2/TGFBR2/ECM2/ADAMTS3
Up,KS,endoplasmic reticulum lumen,GO:0005788,68,68/1324,313/19550,4.5e-18,2.91e-15,2.4e-15,17.346787486224656,14.536107011014092,IGFBP7/PPIB/PENK/COL6A2/IGFBP5/APOE/SELENOM/IGFBP4/F10/COL6A1/LAMB2/CST3/COL18A1/MXRA8/FSTL3/QSOX1/APP/RCN3/MFGE8/CRTAP/ERAP2/LGALS1/FKBP7/P4HB/GAS6/RCN1/PRKCSH/APLP2/VWA1/SUMF2/SERPINH1/SERPING1/SHISA5/NUCB1/OS9/RNASET2/H6PD/COL16A1/MAPK3/COL15A1/COL5A1/JMJD8/CKAP4/TIMP1/LRPAP1/CERCAM/PNPLA2/BACE1/COL27A1/WFS1/GANAB/HRC/PDIA6/CD4/SDC2/CALR/RCN2/FUCA2/COL1A1/CES2/COL6A3/CNPY3/TXNDC16/ESD/CTSZ/ERAP1/FKBP10/PTPRN2
Up,KS,collagen-containing extracellular matrix,GO:0062023,73,73/1324,425/19550,1.33e-13,4.3e-11,3.55e-11,12.876148359032914,10.366531544420413,LTBP4/IGFBP7/MDK/COL6A2/PODN/TIMP2/APOE/MFAP4/TIMP3/DPT/COL6A1/LTBP3/LAMB2/LAMC3/PCOLCE/ADAMTS1/CTSF/FGF10/COL18A1/MMP2/SOD3/ANGPTL1/OGN/SERPINE2/RARRES2/LGALS3BP/MFGE8/EMILIN1/HTRA1/LGALS1/FBLN5/SMOC1/HNRNPM/EFEMP2/VWA1/SERPINH1/SERPING1/LGALS3/TGFB1I1/ANG/DCN/NID2/MYOC/ANXA2/MXRA7/COL16A1/HSPG2/TMEFF2/TGFB3/COL15A1/SERPINB6/COL5A1/TIMP1/COL27A1/AEBP1/CTSL/OMD/ANXA5/KAZALD1/CD151/SDC2/FBLN1/ENTPD2/CALR/CCDC80/COL1A1/COL6A3/ANGPTL2/CTSB/CTSZ/ANXA11/ITIH5/ANXA4
Up,KS,viral process,GO:0016032,69,69/1278,415/18723,4.24e-12,1.17e-08,9.2e-09,11.372634143407268,7.931814138253839,JUN/PPIB/HSPA1A/ZFP36/PCBP1/GSN/HSPA1B/APOE/HEXIM1/BST2/CD81/CCL2/CD74/RAB1B/NFIA/IFITM1/PHB/LGALS1/P4HB/EIF3F/GAS6/IFITM2/SIVA1/PPIA/TRIM28/EIF3G/RRAGA/LY6E/CCL4/TRIM8/RAD23A/STOM/CTBP2/MAVS/VPS28/ZNF639/CHMP4B/NUCKS1/CHMP1B/DEK/CTSL/PHB2/USF2/MX1/CD4/ITGAV/SMARCB1/CCL3/EEA1/EIF3B/ZBED1/TPCN1/EGFR/HLA-DRB1/PCBP2/TNFRSF14/VPS4A/PTBP1/N4BP1/LAMP1/CTSB/SLC3A2/NRP1/PML/TBC1D20/APOBEC3G/EIF3D/TRIM22/IFITM3
Up,KS,regulation of binding,GO:0051098,63,63/1278,363/18723,5.54e-12,1.17e-08,9.2e-09,11.25649023527157,7.931814138253839,JUN/IGF1/KLF4/APOE/LRP1/STUB1/RAMP2/HES1/NES/TGFBR3/FOXC1/ID1/NFKBIA/APP/RACK1/CAMK1/HSF1/TRIM28/DDIT3/ANXA2/EIF4A3/MAPK3/WFIKKN2/SPPL3/CTBP2/LRPAP1/MDFI/NUCKS1/PKD1/HMOX1/GTF2F1/PLCL2/RARA/RGMA/P2RY1/ZBTB7A/HMGB2/EIF3E/ACD/PLK2/EDF1/PLN/DNAJB2/MEPCE/DZIP1/CSNK1E/ADAM15/CLN5/HMBOX1/IFIT2/HDAC5/CTSZ/PLXND1/AMFR/NRP1/SMAD3/DDRGK1/ABL1/ADNP/HAND2/EIF3D/MITD1/TCF7L2
Up,KS,transmembrane receptor protein serine/threonine kinase signaling pathway,GO:0007178,62,62/1278,355/18723,6.19e-12,1.17e-08,9.2e-09,11.208309350979881,7.931814138253839,JUN/LTBP4/FOS/EGR1/HSPA1A/INHBA/NBL1/VIM/LTBP3/LRP1/STUB1/ILK/HES1/FGF10/TGFBR3/NUMA1/FSTL3/RBPMS/ID1/ENG/FKBP8/EMILIN1/HTRA1/SFRP4/CDKN1C/TGFB1I1/NOTCH2/HTRA3/TGFB3/MAPK3/SPTBN1/WFIKKN2/SPRY1/ZNF423/ZNF703/ZMIZ1/CITED2/FAM89B/FBXL15/SMAD5/CREBBP/XIAP/RGMA/BMPR2/ZBTB7A/BCL9L/PPM1L/GATA4/C20orf27/NEO1/TGFBR2/PDCD4/WWTR1/GLG1/BMPR1A/PXN/PML/SMAD3/DKK3/ABL1/VASN/SH2B1
Up,KS,viral life cycle,GO:0019058,56,56/1278,317/18723,4.16e-11,4.82e-08,3.8e-08,10.380906669373257,7.31695296176115,PPIB/HSPA1A/PCBP1/GSN/HSPA1B/APOE/BST2/CD81/CCL2/CD74/RAB1B/NFIA/IFITM1/PHB/LGALS1/P4HB/GAS6/IFITM2/SIVA1/PPIA/TRIM28/LY6E/TRIM8/RAD23A/STOM/CTBP2/MAVS/VPS28/ZNF639/CHMP4B/NUCKS1/CHMP1B/DEK/CTSL/MX1/CD4/ITGAV/SMARCB1/EEA1/ZBED1/TPCN1/EGFR/HLA-DRB1/PCBP2/TNFRSF14/VPS4A/N4BP1/LAMP1/CTSB/SLC3A2/NRP1/PML/TBC1D20/APOBEC3G/TRIM22/IFITM3
Up,KS,gland development,GO:0048732,69,69/1278,436/18723,4.26e-11,4.82e-08,3.8e-08,10.370590400897282,7.31695296176115,ID2/MDK/IGFBP5/PRDX2/MAFB/TCF21/HNRNPD/HES1/FGF10/TGFBR3/PDGFRA/FSTL3/FOXC1/SERPINE2/CDKN1B/CEBPB/AR/DBP/PRKCSH/PTEN/NOTCH2/NCOR2/LY6E/SRSF5/TGFB3/MAPK3/TBX2/SP3/HOXD9/LMO4/STAT6/THRA/ZNF703/PKD1/PRMT5/CITED2/STAT5A/HMOX1/ASH1L/ALDH1A3/PHB2/USF2/RARA/XBP1/RGN/CUL3/HGF/MPST/ACO2/CAPN1/LBH/FGF2/AKT2/EGFR/FPGS/TGFBR2/SRSF1/SLC29A1/BMPR1A/PLXND1/NRP1/SOCS2/PML/SMAD3/STAT5B/DKK3/ABL1/HAND2/UBE3A
Up,KS,DNA-binding transcription factor binding,GO:0140297,66,66/1312,394/18368,6.31e-11,5.94e-08,5.12e-08,10.199970640755867,7.2262135550188065,JUN/FOS/ID2/KLF4/MYC/TCF21/HES1/JUND/NFKBIA/NR4A1/CEBPB/RBFOX2/AR/ATF4/PURA/HSF1/PRRX1/DDIT3/TGFB1I1/NOTCH2/MTDH/NCOR2/FUS/BUD31/CHCHD2/TCF23/BHLHE41/SP3/CTBP2/MEF2D/TRIP6/NR1H2/YAP1/SPEN/MED30/ZFPM2/WFS1/KAT5/CITED2/CREBBP/TAF6/PHB2/USF2/ZBTB7A/SMARCB1/BHLHE40/CALR/NFE2L2/HSPB1/JMJD1C/HDAC7/GATA4/ZNHIT3/CHD4/HDAC5/YWHAH/AIP/CRTC3/TOB2/SMAD3/STAT5B/HDAC3/DDRGK1/HAND2/ANXA4/TCF7L2
Up,KS,focal adhesion,GO:0005925,66,66/1324,418/19550,9.25e-11,1.99e-08,1.65e-08,10.033858267260968,7.701146923590294,PPIB/HSPA1A/GSN/HSPA1B/VIM/CD81/LAYN/LRP1/PDGFRB/ILK/RHOB/CD99/CSRP1/ENG/GNB2/SVIL/P4HB/ZFYVE21/SORBS3/RRAS/PPIA/EFS/TNS2/DDR2/AHNAK/TGFB1I1/SNTB2/SLC9A3R2/DIXDC1/MAP2K2/TRIOBP/MRC2/HSPG2/MARCKS/MAPK3/TRIP6/CD99L2/FLRT2/FLII/THY1/CAP1/ANXA5/FZD1/CD151/FLNA/ITGAV/PLEC/FZD2/CALR/PPP1CC/HSPB1/LIMS1/CAPN1/LASP1/NCKAP1/CDC42EP1/EGFR/PCBP2/FHL3/PRKAR2A/PDLIM7/TNS1/PXN/NRP1/MPRIP/PHLDB2
Up,KS,Wnt signaling pathway,GO:0016055,69,69/1278,444/18723,9.76e-11,9.2e-08,7.25e-08,10.010550182333308,7.036212172654444,EGR1/IGFBP6/MDK/KLF4/NDRG2/CPE/PLPP3/APOE/RSPO3/IGFBP4/TSKU/ADGRA2/LRP1/ILK/FGF10/APP/RACK1/SFRP4/EMD/PTEN/PFDN5/DDIT3/HIC1/TGFB1I1/DIXDC1/SNAI2/GPRC5B/MYOC/FZD3/RBMS3/MDFI/YAP1/ZNF703/PKD1/APCDD1/DAAM2/CTDNEP1/PLEKHA4/XIAP/FZD1/CUL3/ZBED3/BCL9L/LZTS2/TBL1XR1/FZD2/SIAH2/VGLL4/FGF2/CSNK1E/COL1A1/RNF146/EGFR/FOXO3/MITF/GSK3A/WWTR1/RNF220/DVL3/AMFR/SMAD3/MACF1/TMEM9/DKK3/ABL1/AMOTL1/PYGO1/ZRANB1/TCF7L2
Up,KS,cell-cell signaling by wnt,GO:0198738,69,69/1278,446/18723,1.2e-10,9.66e-08,7.61e-08,9.920818753952375,7.015022873584507,EGR1/IGFBP6/MDK/KLF4/NDRG2/CPE/PLPP3/APOE/RSPO3/IGFBP4/TSKU/ADGRA2/LRP1/ILK/FGF10/APP/RACK1/SFRP4/EMD/PTEN/PFDN5/DDIT3/HIC1/TGFB1I1/DIXDC1/SNAI2/GPRC5B/MYOC/FZD3/RBMS3/MDFI/YAP1/ZNF703/PKD1/APCDD1/DAAM2/CTDNEP1/PLEKHA4/XIAP/FZD1/CUL3/ZBED3/BCL9L/LZTS2/TBL1XR1/FZD2/SIAH2/VGLL4/FGF2/CSNK1E/COL1A1/RNF146/EGFR/FOXO3/MITF/GSK3A/WWTR1/RNF220/DVL3/AMFR/SMAD3/MACF1/TMEM9/DKK3/ABL1/AMOTL1/PYGO1/ZRANB1/TCF7L2
Up,KS,cell-substrate junction,GO:0030055,66,66/1324,425/19550,1.91e-10,3.09e-08,2.55e-08,9.718966632752272,7.510041520575165,PPIB/HSPA1A/GSN/HSPA1B/VIM/CD81/LAYN/LRP1/PDGFRB/ILK/RHOB/CD99/CSRP1/ENG/GNB2/SVIL/P4HB/ZFYVE21/SORBS3/RRAS/PPIA/EFS/TNS2/DDR2/AHNAK/TGFB1I1/SNTB2/SLC9A3R2/DIXDC1/MAP2K2/TRIOBP/MRC2/HSPG2/MARCKS/MAPK3/TRIP6/CD99L2/FLRT2/FLII/THY1/CAP1/ANXA5/FZD1/CD151/FLNA/ITGAV/PLEC/FZD2/CALR/PPP1CC/HSPB1/LIMS1/CAPN1/LASP1/NCKAP1/CDC42EP1/EGFR/PCBP2/FHL3/PRKAR2A/PDLIM7/TNS1/PXN/NRP1/MPRIP/PHLDB2
Up,KS,transcription coregulator activity,GO:0003712,74,74/1312,489/18368,5.59e-10,1.94e-07,1.67e-07,9.252588192113576,6.7121982700697735,HSPA1A/DNAJB1/ARL2BP/BTG1/JAZF1/RBPMS/RALY/RBFOX2/PHB/SRSF2/HNRNPU/SMARCA2/TRIM28/PFDN5/TGFB1I1/MTDH/NCOR2/BTG2/FUS/BUD31/PQBP1/TRIM8/USP22/CTBP2/SAP30/IRF2BP2/SAP30L/YAP1/PSIP1/NUCKS1/KAT8/SPEN/MED30/PRMT5/ZFPM2/KAT5/ZMIZ1/CITED2/PA2G4/CREBBP/ATN1/TAF6/SMARCB1/BCL9L/TBL1XR1/LDB2/ARID1B/SMARCD2/HMGB2/SIAH2/SERTAD2/EID1/EDF1/DRAP1/ZBED1/JMJD1C/HDAC7/FGF2/IRF2BPL/PMF1/RCOR1/FHL3/RYBP/FHL5/AIP/WWTR1/PXN/TOB2/HDAC3/ABL1/KAT6B/KAT2A/TRIM22/UBE3A
Up,KS,RNA polymerase II-specific DNA-binding transcription factor binding,GO:0061629,53,53/1312,299/18368,6.19e-10,1.94e-07,1.67e-07,9.208309350979881,6.7121982700697735,JUN/FOS/ID2/KLF4/TCF21/HES1/JUND/NFKBIA/NR4A1/CEBPB/AR/ATF4/HSF1/PRRX1/TGFB1I1/NOTCH2/MTDH/NCOR2/FUS/BUD31/TCF23/BHLHE41/SP3/CTBP2/TRIP6/NR1H2/SPEN/MED30/ZFPM2/CITED2/CREBBP/TAF6/PHB2/ZBTB7A/SMARCB1/BHLHE40/CALR/NFE2L2/HSPB1/JMJD1C/GATA4/ZNHIT3/CHD4/HDAC5/YWHAH/AIP/TOB2/SMAD3/STAT5B/HDAC3/DDRGK1/ANXA4/TCF7L2
Up,KS,response to oxidative stress,GO:0006979,67,67/1278,446/18723,7.96e-10,5.63e-07,4.43e-07,9.099086932262331,6.249491605148654,JUN/SELENOP/FOS/HSPA1A/PENK/HSPA1B/KLF4/APOE/PRDX1/KLF2/BTG1/PRDX2/PDGFRB/RHOB/CYP1B1/PRNP/PDGFRA/MMP2/SOD3/BAD/RBPMS/EEF2/APP/CYGB/RACK1/ATF4/FBLN5/HSF1/P4HB/HNRNPM/PPIA/PINK1/PCGF2/NFE2L1/ZNF580/CHCHD2/SIGMAR1/MAPK3/STAT6/NET1/DUSP1/ENDOG/PSIP1/NOL3/AKR1C3/SELENOK/HMOX1/TRAP1/HGF/MSRB2/PDK2/NFE2L2/HSPB1/GATA4/COL1A1/EGFR/FOXO3/SESN3/ERCC1/BECN1/PXN/KEAP1/SFPQ/PML/TPM1/ABL1/UBE3A
Up,AZFc,collagen-containing extracellular matrix,GO:0062023,35,35/384,425/19550,8.79e-13,4.17e-10,3.27e-10,12.056011124926227,9.379863945026242,PODN/TIMP2/IGFBP7/LTBP4/OGN/APOA1/ANGPTL1/FN1/COL1A2/OMD/SERPINA5/LGALS1/COL6A2/SERPINE2/A2M/S100A4/CLU/DPT/PCSK6/COL14A1/FGF10/LAMC3/COL15A1/ITIH5/CLEC3B/CDH2/PLSCR1/MGP/LUM/COL18A1/LAMB2/DCN/VCAN/CILP/TIMP3
Up,AZFc,vesicle lumen,GO:0031983,26,26/384,327/19550,1.77e-09,4.19e-07,3.28e-07,8.752026733638193,6.377785977033705,IGF1/SELENOP/PENK/TIMP2/APOA1/APP/BACE1/ISLR/FN1/PSMD7/CFD/A2M/CLU/CPPED1/HGF/CAP1/HUWE1/PSMA2/GAS6/CLEC3B/B2M/VCL/EGFR/QSOX1/CRISPLD2/TIMP3
Up,AZFc,cytoplasmic vesicle lumen,GO:0060205,25,25/384,325/19550,7.15e-09,1.13e-06,8.85e-07,8.145693958198919,5.94692155651658,IGF1/SELENOP/PENK/TIMP2/APOA1/APP/BACE1/ISLR/FN1/PSMD7/CFD/A2M/CLU/CPPED1/HGF/CAP1/HUWE1/PSMA2/GAS6/CLEC3B/B2M/VCL/QSOX1/CRISPLD2/TIMP3
Up,AZFc,reproductive system development,GO:0061458,29,29/370,427/18723,8.32e-09,3.49e-05,2.78e-05,8.079876673709276,4.45717457304082,UBB/CITED1/SOX9/CTSV/PDGFRA/HES1/SERPINA5/INHBA/SERPINE2/FGF10/RHOBTB3/SOX15/NOTCH2/NKX3-1/KITLG/FOXC1/PDGFRB/BMPR2/SP3/HMGB2/LGR4/ZFP36L1/DCN/AR/UBE2Q1/PKD2/ITGB8/TRIM28/LHX9
Up,AZFc,endoplasmic reticulum lumen,GO:0005788,24,24/384,313/19550,1.53e-08,1.81e-06,1.42e-06,7.815308569182402,5.7423214251308154,PPIB/PENK/IGFBP7/APOA1/APP/BACE1/FN1/COL1A2/LGALS1/COL6A2/CLU/COL14A1/COL15A1/GAS6/PDIA6/B2M/CDH2/RCN1/COL18A1/LAMB2/H6PD/QSOX1/VCAN/SUMF2
Up,AZFc,secretory granule lumen,GO:0034774,24,24/384,322/19550,2.64e-08,2.5e-06,1.96e-06,7.578396073130169,5.6020599913279625,IGF1/SELENOP/PENK/TIMP2/APOA1/APP/ISLR/FN1/PSMD7/CFD/A2M/CLU/CPPED1/HGF/CAP1/HUWE1/PSMA2/GAS6/CLEC3B/B2M/VCL/QSOX1/CRISPLD2/TIMP3
Up,AZFc,reproductive structure development,GO:0048608,28,28/370,424/18723,2.77e-08,3.62e-05,2.88e-05,7.557520230935552,4.441291429466834,UBB/CITED1/SOX9/CTSV/PDGFRA/HES1/SERPINA5/INHBA/SERPINE2/FGF10/RHOBTB3/SOX15/NOTCH2/NKX3-1/KITLG/FOXC1/PDGFRB/BMPR2/SP3/HMGB2/LGR4/ZFP36L1/DCN/AR/PKD2/ITGB8/TRIM28/LHX9
Up,AZFc,renal system vasculature development,GO:0061437,8,8/370,27/18723,3.45e-08,3.62e-05,2.88e-05,7.462180904926726,4.441291429466834,ACTA2/PDGFRA/HES1/NOTCH2/EGR1/NRP1/PDGFRB/PKD2
Up,AZFc,kidney vasculature development,GO:0061440,8,8/370,27/18723,3.45e-08,3.62e-05,2.88e-05,7.462180904926726,4.441291429466834,ACTA2/PDGFRA/HES1/NOTCH2/EGR1/NRP1/PDGFRB/PKD2
Up,AZFc,peptidase regulator activity,GO:0061134,20,20/373,230/18368,5.3e-08,2.59e-05,2.24e-05,7.275724130399211,4.586700235918748,GAPDH/TIMP2/APP/EPPIN/FN1/CST9L/PSME1/SERPINA5/SERPINE2/A2M/BST2/PRNP/NKX3-1/TFPI/ITIH5/GAS6/PINK1/ADRM1/CRIM1/TIMP3
Up,AZFc,metanephric nephron development,GO:0072210,9,9/370,40/18723,6.64e-08,5.57e-05,4.44e-05,7.1778319206319825,4.2541448048262716,CITED1/SOX9/PDGFRA/HES1/EGR1/LAMB2/PDGFRB/LGR4/PKD2
Up,AZFc,focal adhesion,GO:0005925,27,27/384,418/19550,7.01e-08,5.53e-06,4.34e-06,7.154281982033341,5.257274868695302,PPIB/VIM/CD81/ILK/ITGAV/FLII/AKAP12/LRP1/CAP1/SNAP23/NCKAP1/B2M/CDH2/NRP1/SNTB2/SVIL/VCL/MPRIP/MRC2/PDGFRB/EGFR/ITGA6/FAT1/GNA12/ITGB8/AHNAK/ZYX
Up,AZFc,extracellular matrix structural constituent,GO:0005201,17,17/373,172/18368,8.45e-08,2.59e-05,2.24e-05,7.073143291050307,4.586700235918748,PODN/IGFBP7/LTBP4/OGN/FN1/COL1A2/COL6A2/DPT/COL14A1/COL15A1/MGP/LUM/COL18A1/LAMB2/DCN/VCAN/CILP
Up,AZFc,regeneration,GO:0031099,18,18/370,198/18723,8.47e-08,5.6e-05,4.46e-05,7.072116589669293,4.251811972993799,IGF1/APOA1/CD81/CDK4/SRSF5/LRP1/HGF/CERS2/STK24/FGF10/SOX15/YAP1/GAS6/HOPX/LAMB2/EGFR/PRRX1/ERBB4
Up,AZFc,cell-substrate junction,GO:0030055,27,27/384,425/19550,9.82e-08,6.65e-06,5.21e-06,7.00788851221305,5.1771783546968955,PPIB/VIM/CD81/ILK/ITGAV/FLII/AKAP12/LRP1/CAP1/SNAP23/NCKAP1/B2M/CDH2/NRP1/SNTB2/SVIL/VCL/MPRIP/MRC2/PDGFRB/EGFR/ITGA6/FAT1/GNA12/ITGB8/AHNAK/ZYX
Up,,,,,,,,,,,,
Up,,,,,,,,,,,,
Up,,,,,,,,,,,,
